"store","websites","attribute_set","type","category_ids","sku","has_options","name","meta_title","meta_description","image","small_image","thumbnail","url_key","url_path","custom_design","options_container","image_label","small_image_label","thumbnail_label","gift_message_available","page_layout","price","special_price","cost","weight","color","status","visibility","tax_class_id","enable_googlecheckout","manufacturer","is_recurring","description","short_description","meta_keyword","custom_layout_update","special_from_date","special_to_date","news_from_date","news_to_date","custom_design_from","custom_design_to","qty","min_qty","use_config_min_qty","is_qty_decimal","backorders","use_config_backorders","min_sale_qty","use_config_min_sale_qty","max_sale_qty","use_config_max_sale_qty","is_in_stock","low_stock_date","notify_stock_qty","use_config_notify_stock_qty","manage_stock","use_config_manage_stock","stock_status_changed_auto","use_config_qty_increments","qty_increments","use_config_enable_qty_inc","enable_qty_increments","stock_status_changed_automatically","use_config_enable_qty_increments","product_name","store_id","product_type_id","product_status_changed","product_changed_websites","country_of_manufacture","msrp_enabled","msrp_display_actual_price_type","msrp"
"admin","base","Default","simple","3","DARK_GREY_CHARCOAL_MEN_SUITS","1","DARK GREY CHARCOAL MEN SUITS","","","/f/i/file_1.jpg","/f/i/file_1.jpg","/f/i/file_1.jpg","dark-grey-charcoal-men-suits","dark-grey-charcoal-men-suits.html","","Product Info Column","","","","No","No layout updates","258.3400","","","2.1000","black","Enabled","Catalog, Search","Taxable Goods","Yes","","No","<p><strong>We are so lucky living</strong> in such a wonderful time. Our almost <strong>unlimited abilities gave</strong> us a real freedom. Our society doesn’t have such <strong>strict foundations as there</strong> were hundred years ago. <em>It is so good that we have an opportunity to make a choice.</em> Lingerie wasn’t always so stylish and erotic. Actually the concept of lingerie being visually appealing was a development of the late 19th century. Nowadays the <strong>lingerie industry is one</strong> of most successful business spheres. The magic of the <em>lingerie is an</em> undoubted fact because it is a way of self expression and it gives a pleasure and satisfaction.</p><p>Our store has a great choice of wonderful lingerie and you’ll be amazed by its variety. Our vendors and manufactures guarantee the high quality of our goods. <strong>So you can buy goods of premium</strong> quality by a fair price. <strong>We cooperate with the great</strong> number of fashion houses and you can find many unique and original products here.</p>","<p><strong>We are so lucky living</strong> in such a wonderful time. Our almost <strong>unlimited abilities gave</strong> us a real freedom. Our society doesn’t have such <strong>strict foundations as there</strong> were hundred years ago. <em>It is so good that we have an opportunity to make a choice.</em> Lingerie wasn’t always so stylish and erotic. </p>","","","","","","","","","10000.0000","0.0000","1","0","0","1","1.0000","1","0.0000","1","1","","","1","0","1","0","1","0.0000","1","0","0","1","DARK GREY CHARCOAL MEN SUITS","0","simple","","","","","",""
"admin","base","Default","simple","3","Italian_Merino_Wool_150s_Chalk_Stripe_Men_Suits","0","Italian Merino Wool 150s Chalk Stripe Men Suits","","","/f/i/file_2_1.jpg","/f/i/file_2_1.jpg","/f/i/file_2_1.jpg","italian-merino-wool-150s-chalk-stripe-men-suits","italian-merino-wool-150s-chalk-stripe-men-suits.html","","Product Info Column","","","","No","No layout updates","325.2100","","","1.8000","black","Enabled","Catalog, Search","Taxable Goods","Yes","","No","<p><strong>Our store has</strong> a great choice of wonderful lingerie and you’ll be <strong>amazed by its variety</strong>. <span>Our vendors and manufactures guarantee the high quality</span> of our goods. So you can buy goods of premium quality by a fair price. <strong>We cooperate with</strong> the great number of <strong>fashion houses</strong> and you can find many unique and original products here.</p><p>You’ll be surprised by the variety and the quality of our materials. We always stay in touch with the latest fashion tendencies - that is why our goods are so popular and we have a great number of faithful customers all over the country. Our company has a perfect <em>reputation and a great experience and our clients’ testimonials can prove</em> this fact.</p><p>We care about our clients and never let them down. <strong>We often provide different</strong> promos and you can get a good benefit. <em>Of you have some questions</em> you can address our superb 24/7 online support system.</p>","<p><strong>Our store has</strong> a great choice of wonderful lingerie and you’ll be <strong>amazed by its variety</strong>. <span>Our vendors and manufactures guarantee the high quality</span> of our goods. So you can buy goods of premium quality by a fair price. <strong>We cooperate with</strong> the great number of <strong>fashion houses</strong> and you can find many unique and original products here.</p>","","","","","","","","","9999.0000","0.0000","1","0","0","1","1.0000","1","0.0000","1","1","","","1","0","1","0","1","0.0000","1","0","0","1","Italian Merino Wool 150s Chalk Stripe Men Suits","0","simple","","","","","",""
"admin","base","Default","simple","3","Italian_Merino_Wool_150s_Chalk_Stripe_Men_Suits_Complete_with_Ja","1","Italian Merino Wool 150s Chalk Stripe Men Suits Complete with Jacket and Pants Jet Black","","","/f/i/file_2_2.jpg","/f/i/file_2_2.jpg","/f/i/file_2_2.jpg","italian-merino-wool-150s-chalk-stripe-men-suits-complete-with-jacket-and-pants-jet-black","italian-merino-wool-150s-chalk-stripe-men-suits-complete-with-jacket-and-pants-jet-black.html","","Product Info Column","","","","No","No layout updates","296.3500","","","1.9000","black","Enabled","Catalog, Search","Taxable Goods","Yes","","No","<p><strong>We care about our</strong> clients and never let them down. <em>We often provide different promos and you can get a good benefit</em>. Of you <strong>have some questions</strong> you can address our superb 24/7 online support system.</p><p>We are so lucky living in such a wonderful time. <strong>Our almost unlimited</strong> abilities gave us a real freedom. Our society doesn’t have such strict foundations as there were hundred years ago. It is so good that we have an opportunity to make a choice. <strong>Lingerie wasn’t</strong> always so stylish and erotic. <strong>Actually the concept of lingerie</strong> being visually appealing was a development of the late 19th century. <strong>Nowadays the lingerie</strong> industry is one of most successful business spheres. <strong>The magic of the lingerie</strong> is an undoubted fact because it is a way of self expression and it gives a pleasure and satisfaction.</p>","<p><strong>We care about our</strong> clients and never let them down. <em>We often provide different promos and you can get a good benefit</em>. Of you <strong>have some questions</strong> you can address our superb 24/7 online support system.</p><p>We are so lucky living in such a wonderful time. <strong>Our almost unlimited</strong> abilities gave us a real freedom.</p>","","","","","","","","","10000.0000","0.0000","1","0","0","1","1.0000","1","0.0000","1","1","","","1","0","1","0","1","0.0000","1","0","0","1","Italian Merino Wool 150s Chalk Stripe Men Suits Complete with Jacket and Pants Jet Black","0","simple","","","","","",""
"admin","base","Default","simple","3","Italian_Merino_Wool_Tuxedo_Suit_Satin_Details","0","Italian Merino Wool Tuxedo Suit Satin Details","","","/f/i/file_1_3.jpg","/f/i/file_1_3.jpg","/f/i/file_1_3.jpg","italian-merino-wool-tuxedo-suit-satin-details","italian-merino-wool-tuxedo-suit-satin-details.html","","Product Info Column","","","","No","No layout updates","312.5400","","","1.9000","black","Enabled","Catalog, Search","Taxable Goods","Yes","","No","<p><strong>We are so lucky living</strong> in such a wonderful time. Our almost <strong>unlimited abilities gave</strong> us a real freedom. Our society doesn’t have such <strong>strict foundations as there</strong> were hundred years ago. <em>It is so good that we have an opportunity to make a choice.</em> Lingerie wasn’t always so stylish and erotic. Actually the concept of lingerie being visually appealing was a development of the late 19th century. Nowadays the <strong>lingerie industry is one</strong> of most successful business spheres. The magic of the <em>lingerie is an</em> undoubted fact because it is a way of self expression and it gives a pleasure and satisfaction.</p><p>Our store has a great choice of wonderful lingerie and you’ll be amazed by its variety. Our vendors and manufactures guarantee the high quality of our goods. <strong>So you can buy goods of premium</strong> quality by a fair price. <strong>We cooperate with the great</strong> number of fashion houses and you can find many unique and original products here.</p>","<p><strong>We are so lucky living</strong> in such a wonderful time. Our almost <strong>unlimited abilities gave</strong> us a real freedom. Our society doesn’t have such <strong>strict foundations as there</strong> were hundred years ago. <em>It is so good that we have an opportunity to make a choice.</em> Lingerie wasn’t always so stylish and erotic. </p>","","","","","","","","","10000.0000","0.0000","1","0","0","1","1.0000","1","0.0000","1","1","","","1","0","1","0","1","0.0000","1","0","0","1","Italian Merino Wool Tuxedo Suit Satin Details","0","simple","","","","","",""
"admin","base","Default","simple","3","SIGNATURE_COLLECTION_New_Italian_3_Button_2pc_Mens_Suit_Merino_W","1","SIGNATURE COLLECTION New Italian 3 Button 2pc Mens Suit Merino Wool EXTRA Fine 150s","","","/f/i/file_6.jpg","/f/i/file_6.jpg","/f/i/file_6.jpg","signature-collection-new-italian-3-button-2pc-mens-suit-merino-wool-extra-fine-150s","signature-collection-new-italian-3-button-2pc-mens-suit-merino-wool-extra-fine-150s.html","","Product Info Column","","","","No","No layout updates","398.7800","","","2.0000","grey","Enabled","Catalog, Search","Taxable Goods","Yes","","No","<p><strong>Our store has</strong> a great choice of wonderful lingerie and you’ll be <strong>amazed by its variety</strong>. <span>Our vendors and manufactures guarantee the high quality</span> of our goods. So you can buy goods of premium quality by a fair price. <strong>We cooperate with</strong> the great number of <strong>fashion houses</strong> and you can find many unique and original products here.</p><p>You’ll be surprised by the variety and the quality of our materials. We always stay in touch with the latest fashion tendencies - that is why our goods are so popular and we have a great number of faithful customers all over the country. Our company has a perfect <em>reputation and a great experience and our clients’ testimonials can prove</em> this fact.</p><p>We care about our clients and never let them down. <strong>We often provide different</strong> promos and you can get a good benefit. <em>Of you have some questions</em> you can address our superb 24/7 online support system.</p>","<p><strong>Our store has</strong> a great choice of wonderful lingerie and you’ll be <strong>amazed by its variety</strong>. <span>Our vendors and manufactures guarantee the high quality</span> of our goods. So you can buy goods of premium quality by a fair price. <strong>We cooperate with</strong> the great number of <strong>fashion houses</strong> and you can find many unique and original products here.</p>","","","","","","","","","10000.0000","0.0000","1","0","0","1","1.0000","1","0.0000","1","1","","","1","0","1","0","1","0.0000","1","0","0","1","SIGNATURE COLLECTION New Italian 3 Button 2pc Mens Suit Merino Wool EXTRA Fine 150s","0","simple","","","","","",""
"admin","base","Default","simple","3","SIGNATURE_COLLECTION_New_Italian_3_Button_2_pc_Mens_Suit_Merino_","0","SIGNATURE COLLECTION New Italian 3 Button 2pc Mens Suit Merino Wool EXTRA Fine 150s TAN STRIPE","","","/f/i/file_1_5.jpg","/f/i/file_1_5.jpg","/f/i/file_1_5.jpg","signature-collection-new-italian-3-button-2pc-mens-suit-merino-wool-extra-fine-150s-tan-stripe","signature-collection-new-italian-3-button-2pc-mens-suit-merino-wool-extra-fine-150s-tan-stripe.html","","Product Info Column","","","","No","No layout updates","342.1500","","","2.2000","cream","Enabled","Catalog, Search","Taxable Goods","Yes","","No","<p><strong>We care about our</strong> clients and never let them down. <em>We often provide different promos and you can get a good benefit</em>. Of you <strong>have some questions</strong> you can address our superb 24/7 online support system.</p><p>We are so lucky living in such a wonderful time. <strong>Our almost unlimited</strong> abilities gave us a real freedom. Our society doesn’t have such strict foundations as there were hundred years ago. It is so good that we have an opportunity to make a choice. <strong>Lingerie wasn’t</strong> always so stylish and erotic. <strong>Actually the concept of lingerie</strong> being visually appealing was a development of the late 19th century. <strong>Nowadays the lingerie</strong> industry is one of most successful business spheres. <strong>The magic of the lingerie</strong> is an undoubted fact because it is a way of self expression and it gives a pleasure and satisfaction.</p>","<p><strong>We care about our</strong> clients and never let them down. <em>We often provide different promos and you can get a good benefit</em>. Of you <strong>have some questions</strong> you can address our superb 24/7 online support system.</p><p>We are so lucky living in such a wonderful time. <strong>Our almost unlimited</strong> abilities gave us a real freedom.</p>","","","","","","","","","10000.0000","0.0000","1","0","0","1","1.0000","1","0.0000","1","1","","","1","0","1","0","1","0.0000","1","0","0","1","SIGNATURE COLLECTION New Italian 3 Button 2pc Mens Suit Merino Wool EXTRA Fine 150s TAN STRIPE","0","simple","","","","","",""
"admin","base","Default","simple","4","Bridal_Toss_Garter","0","Bridal Toss Garter","","","/f/i/file_8.jpg","/f/i/file_8.jpg","/f/i/file_8.jpg","bridal-toss-garter","bridal-toss-garter.html","","Product Info Column","","","","No","No layout updates","18.9900","","","0.1000","white","Enabled","Catalog, Search","Taxable Goods","Yes","","No","<p><strong>We are so lucky living</strong> in such a wonderful time. Our almost <strong>unlimited abilities gave</strong> us a real freedom. Our society doesn’t have such <strong>strict foundations as there</strong> were hundred years ago. <em>It is so good that we have an opportunity to make a choice.</em> Lingerie wasn’t always so stylish and erotic. Actually the concept of lingerie being visually appealing was a development of the late 19th century. Nowadays the <strong>lingerie industry is one</strong> of most successful business spheres. The magic of the <em>lingerie is an</em> undoubted fact because it is a way of self expression and it gives a pleasure and satisfaction.</p><p>Our store has a great choice of wonderful lingerie and you’ll be amazed by its variety. Our vendors and manufactures guarantee the high quality of our goods. <strong>So you can buy goods of premium</strong> quality by a fair price. <strong>We cooperate with the great</strong> number of fashion houses and you can find many unique and original products here.</p>","<p><strong>We are so lucky living</strong> in such a wonderful time. Our almost <strong>unlimited abilities gave</strong> us a real freedom. Our society doesn’t have such <strong>strict foundations as there</strong> were hundred years ago. <em>It is so good that we have an opportunity to make a choice.</em> Lingerie wasn’t always so stylish and erotic. </p>","","","","","","","","","9997.0000","0.0000","1","0","0","1","1.0000","1","0.0000","1","1","","","1","0","1","0","1","0.0000","1","0","0","1","Bridal Toss Garter","0","simple","","","","","",""
"admin","base","Default","simple","4","Elegant_Chiffon_Collection","0","Elegant Chiffon Collection","","","/f/i/file_9.jpg","/f/i/file_9.jpg","/f/i/file_9.jpg","elegant-chiffon-collection","elegant-chiffon-collection.html","","Product Info Column","","","","No","No layout updates","23.5800","","","0.3000","white","Enabled","Catalog, Search","Taxable Goods","Yes","","No","<p><strong>Our store has</strong> a great choice of wonderful lingerie and you’ll be <strong>amazed by its variety</strong>. <span>Our vendors and manufactures guarantee the high quality</span> of our goods. So you can buy goods of premium quality by a fair price. <strong>We cooperate with</strong> the great number of <strong>fashion houses</strong> and you can find many unique and original products here.</p><p>You’ll be surprised by the variety and the quality of our materials. We always stay in touch with the latest fashion tendencies - that is why our goods are so popular and we have a great number of faithful customers all over the country. Our company has a perfect <em>reputation and a great experience and our clients’ testimonials can prove</em> this fact.</p><p>We care about our clients and never let them down. <strong>We often provide different</strong> promos and you can get a good benefit. <em>Of you have some questions</em> you can address our superb 24/7 online support system.</p>","<p><strong>Our store has</strong> a great choice of wonderful lingerie and you’ll be <strong>amazed by its variety</strong>. <span>Our vendors and manufactures guarantee the high quality</span> of our goods. So you can buy goods of premium quality by a fair price. <strong>We cooperate with</strong> the great number of <strong>fashion houses</strong> and you can find many unique and original products here.</p>","","","","","","","","","9999.0000","0.0000","1","0","0","1","1.0000","1","0.0000","1","1","","","1","0","1","0","1","0.0000","1","0","0","1","Elegant Chiffon Collection","0","simple","",""," ","Yes","On Gesture","19.2500"
"admin","base","Default","simple","4","Gimme_Clips_Boutique_Flower_Hair_Clips,_Winter_Blooms,_15_Flower","0","Gimme Clips Boutique Flower Hair Clips, Winter Blooms, 15 Flowers","","","/f/i/file_11.jpg","/f/i/file_11.jpg","/f/i/file_11.jpg","gimme-clips-boutique-flower-hair-clips-winter-blooms-15-flowers","gimme-clips-boutique-flower-hair-clips-winter-blooms-15-flowers.html","","Product Info Column","","","","No","No layout updates","10.3600","","","0.0900","pink","Enabled","Catalog, Search","Taxable Goods","Yes","","No","<p><strong>We care about our</strong> clients and never let them down. <em>We often provide different promos and you can get a good benefit</em>. Of you <strong>have some questions</strong> you can address our superb 24/7 online support system.</p><p>We are so lucky living in such a wonderful time. <strong>Our almost unlimited</strong> abilities gave us a real freedom. Our society doesn’t have such strict foundations as there were hundred years ago. It is so good that we have an opportunity to make a choice. <strong>Lingerie wasn’t</strong> always so stylish and erotic. <strong>Actually the concept of lingerie</strong> being visually appealing was a development of the late 19th century. <strong>Nowadays the lingerie</strong> industry is one of most successful business spheres. <strong>The magic of the lingerie</strong> is an undoubted fact because it is a way of self expression and it gives a pleasure and satisfaction.</p>","<p><strong>We care about our</strong> clients and never let them down. <em>We often provide different promos and you can get a good benefit</em>. Of you <strong>have some questions</strong> you can address our superb 24/7 online support system.</p><p>We are so lucky living in such a wonderful time. <strong>Our almost unlimited</strong> abilities gave us a real freedom.</p>","","","","","","","","","10000.0000","0.0000","1","0","0","1","1.0000","1","0.0000","1","1","","","1","0","1","0","1","0.0000","1","0","0","1","Gimme Clips Boutique Flower Hair Clips, Winter Blooms, 15 Flowers","0","simple","","","","","",""
"admin","base","Default","simple","4","Indian_Bindi_Dots_Bollywood_Belly_Dance_Tattoo","0","Indian Bindi Dots Bollywood Belly Dance Tattoo","","","/f/i/file_12.jpg","/f/i/file_12.jpg","/f/i/file_12.jpg","indian-bindi-dots-bollywood-belly-dance-tattoo","indian-bindi-dots-bollywood-belly-dance-tattoo.html","","Product Info Column","","","","No","No layout updates","18.9900","","","0.1000","pink","Enabled","Catalog, Search","Taxable Goods","Yes","","No","<p><strong>We are so lucky living</strong> in such a wonderful time. Our almost <strong>unlimited abilities gave</strong> us a real freedom. Our society doesn’t have such <strong>strict foundations as there</strong> were hundred years ago. <em>It is so good that we have an opportunity to make a choice.</em> Lingerie wasn’t always so stylish and erotic. Actually the concept of lingerie being visually appealing was a development of the late 19th century. Nowadays the <strong>lingerie industry is one</strong> of most successful business spheres. The magic of the <em>lingerie is an</em> undoubted fact because it is a way of self expression and it gives a pleasure and satisfaction.</p><p>Our store has a great choice of wonderful lingerie and you’ll be amazed by its variety. Our vendors and manufactures guarantee the high quality of our goods. <strong>So you can buy goods of premium</strong> quality by a fair price. <strong>We cooperate with the great</strong> number of fashion houses and you can find many unique and original products here.</p>","<p><strong>We are so lucky living</strong> in such a wonderful time. Our almost <strong>unlimited abilities gave</strong> us a real freedom. Our society doesn’t have such <strong>strict foundations as there</strong> were hundred years ago. <em>It is so good that we have an opportunity to make a choice.</em> Lingerie wasn’t always so stylish and erotic. </p>","","","","","","","","","9999.0000","0.0000","1","0","0","1","1.0000","1","0.0000","1","1","","","1","0","1","0","1","0.0000","1","0","0","1","Indian Bindi Dots Bollywood Belly Dance Tattoo","0","simple","","","","","",""
"admin","base","Default","simple","4","Ribbon_Collection","0","Ribbon Collection","","","/f/i/file_2_9.jpg","/f/i/file_2_9.jpg","/f/i/file_2_9.jpg","ribbon-collection","ribbon-collection.html","","Product Info Column","","","","No","No layout updates","35.6300","","","0.3000","white","Enabled","Catalog, Search","Taxable Goods","Yes","","No","<p><strong>Our store has</strong> a great choice of wonderful lingerie and you’ll be <strong>amazed by its variety</strong>. <span>Our vendors and manufactures guarantee the high quality</span> of our goods. So you can buy goods of premium quality by a fair price. <strong>We cooperate with</strong> the great number of <strong>fashion houses</strong> and you can find many unique and original products here.</p><p>You’ll be surprised by the variety and the quality of our materials. We always stay in touch with the latest fashion tendencies - that is why our goods are so popular and we have a great number of faithful customers all over the country. Our company has a perfect <em>reputation and a great experience and our clients’ testimonials can prove</em> this fact.</p><p>We care about our clients and never let them down. <strong>We often provide different</strong> promos and you can get a good benefit. <em>Of you have some questions</em> you can address our superb 24/7 online support system.</p>","<p><strong>Our store has</strong> a great choice of wonderful lingerie and you’ll be <strong>amazed by its variety</strong>. <span>Our vendors and manufactures guarantee the high quality</span> of our goods. So you can buy goods of premium quality by a fair price. <strong>We cooperate with</strong> the great number of <strong>fashion houses</strong> and you can find many unique and original products here.</p>","","","","","","","","","10000.0000","0.0000","1","0","0","1","1.0000","1","0.0000","1","1","","","1","0","1","0","1","0.0000","1","0","0","1","Ribbon Collection","0","simple","","","","","",""
"admin","base","Default","simple","4","Self_Adhesive_Indian_Bindi_Dots_Bollywood_Belly_Dance_Tattoo_Bod","0","Self Adhesive Indian Bindi Dots Bollywood Belly Dance Tattoo Body Art","","","/f/i/file_14.jpg","/f/i/file_14.jpg","/f/i/file_14.jpg","self-adhesive-indian-bindi-dots-bollywood-belly-dance-tattoo-body-art","self-adhesive-indian-bindi-dots-bollywood-belly-dance-tattoo-body-art.html","","Product Info Column","","","","No","No layout updates","12.3100","","","0.0500","pink","Enabled","Catalog, Search","Taxable Goods","Yes","","No","<p><strong>We care about our</strong> clients and never let them down. <em>We often provide different promos and you can get a good benefit</em>. Of you <strong>have some questions</strong> you can address our superb 24/7 online support system.</p><p>We are so lucky living in such a wonderful time. <strong>Our almost unlimited</strong> abilities gave us a real freedom. Our society doesn’t have such strict foundations as there were hundred years ago. It is so good that we have an opportunity to make a choice. <strong>Lingerie wasn’t</strong> always so stylish and erotic. <strong>Actually the concept of lingerie</strong> being visually appealing was a development of the late 19th century. <strong>Nowadays the lingerie</strong> industry is one of most successful business spheres. <strong>The magic of the lingerie</strong> is an undoubted fact because it is a way of self expression and it gives a pleasure and satisfaction.</p>","<p><strong>We care about our</strong> clients and never let them down. <em>We often provide different promos and you can get a good benefit</em>. Of you <strong>have some questions</strong> you can address our superb 24/7 online support system.</p><p>We are so lucky living in such a wonderful time. <strong>Our almost unlimited</strong> abilities gave us a real freedom.</p>","","","","","","","","","10000.0000","0.0000","1","0","0","1","1.0000","1","0.0000","1","1","","","1","0","1","0","1","0.0000","1","0","0","1","Self Adhesive Indian Bindi Dots Bollywood Belly Dance Tattoo Body Art","0","simple","","","","","",""
"admin","base","Default","simple","5","Gold_Embroidered_Strapless_Holiday_Prom_Dress","1","Gold Embroidered Strapless Holiday","","","/f/i/file_3_1.jpg","/f/i/file_3_1.jpg","/f/i/file_3_1.jpg","gold-embroidered-strapless-holiday-prom-dress","gold-embroidered-strapless-holiday-prom-dress.html","","Product Info Column","","","","No","No layout updates","236.5800","","","0.7000","pink","Enabled","Catalog, Search","Taxable Goods","Yes","","No","<p><strong>We are so lucky living</strong> in such a wonderful time. Our almost <strong>unlimited abilities gave</strong> us a real freedom. Our society doesn’t have such <strong>strict foundations as there</strong> were hundred years ago. <em>It is so good that we have an opportunity to make a choice.</em> Lingerie wasn’t always so stylish and erotic. Actually the concept of lingerie being visually appealing was a development of the late 19th century. Nowadays the <strong>lingerie industry is one</strong> of most successful business spheres. The magic of the <em>lingerie is an</em> undoubted fact because it is a way of self expression and it gives a pleasure and satisfaction.</p><p>Our store has a great choice of wonderful lingerie and you’ll be amazed by its variety. Our vendors and manufactures guarantee the high quality of our goods. <strong>So you can buy goods of premium</strong> quality by a fair price. <strong>We cooperate with the great</strong> number of fashion houses and you can find many unique and original products here.</p>","<p><strong>We are so lucky living</strong> in such a wonderful time. Our almost <strong>unlimited abilities gave</strong> us a real freedom. Our society doesn’t have such <strong>strict foundations as there</strong> were hundred years ago. <em>It is so good that we have an opportunity to make a choice.</em> Lingerie wasn’t always so stylish and erotic. </p>","","","","","","","","","9999.0000","0.0000","1","0","0","1","1.0000","1","0.0000","1","1","","","1","0","1","0","1","0.0000","1","0","0","1","Gold Embroidered Strapless Holiday","0","simple","",""," ","Use config","Use config",""
"admin","base","Default","simple","5","Gold_Embroidered_Strapless_Holiday_Dress","0","Gold Embroidered Strapless Holiday Prom Dress","","","/f/i/file_2_12.jpg","/f/i/file_2_12.jpg","/f/i/file_2_12.jpg","gold-embroidered-strapless-holiday-prom-dress","gold-embroidered-strapless-holiday-prom-dress-14.html","","Product Info Column","","","","No","No layout updates","236.3500","","","1.0000","red","Enabled","Catalog, Search","Taxable Goods","Yes","","No","<p><strong>Our store has</strong> a great choice of wonderful lingerie and you’ll be <strong>amazed by its variety</strong>. <span>Our vendors and manufactures guarantee the high quality</span> of our goods. So you can buy goods of premium quality by a fair price. <strong>We cooperate with</strong> the great number of <strong>fashion houses</strong> and you can find many unique and original products here.</p><p>You’ll be surprised by the variety and the quality of our materials. We always stay in touch with the latest fashion tendencies - that is why our goods are so popular and we have a great number of faithful customers all over the country. Our company has a perfect <em>reputation and a great experience and our clients’ testimonials can prove</em> this fact.</p><p>We care about our clients and never let them down. <strong>We often provide different</strong> promos and you can get a good benefit. <em>Of you have some questions</em> you can address our superb 24/7 online support system.</p>","<p><strong>Our store has</strong> a great choice of wonderful lingerie and you’ll be <strong>amazed by its variety</strong>. <span>Our vendors and manufactures guarantee the high quality</span> of our goods. So you can buy goods of premium quality by a fair price. <strong>We cooperate with</strong> the great number of <strong>fashion houses</strong> and you can find many unique and original products here.</p>","","","","","","","","","10000.0000","0.0000","1","0","0","1","1.0000","1","0.0000","1","1","","","1","0","1","0","1","0.0000","1","0","0","1","Gold Embroidered Strapless Holiday Prom Dress","0","simple","","","","","",""
"admin","base","Default","simple","5","Ruched_Ruffle_Satin_Prom_Dress_Bridesmaid_-_Burgundy","1","Ruched Ruffle Satin Prom Dress Bridesmaid - Burgundy","","","/f/i/file_3_3.jpg","/f/i/file_3_3.jpg","/f/i/file_3_3.jpg","ruched-ruffle-satin-prom-dress-bridesmaid-burgundy","ruched-ruffle-satin-prom-dress-bridesmaid-burgundy.html","","Product Info Column","","","","No","No layout updates","356.9800","","","0.8000","red","Enabled","Catalog, Search","Taxable Goods","Yes","","No","<p><strong>We care about our</strong> clients and never let them down. <em>We often provide different promos and you can get a good benefit</em>. Of you <strong>have some questions</strong> you can address our superb 24/7 online support system.</p><p>We are so lucky living in such a wonderful time. <strong>Our almost unlimited</strong> abilities gave us a real freedom. Our society doesn’t have such strict foundations as there were hundred years ago. It is so good that we have an opportunity to make a choice. <strong>Lingerie wasn’t</strong> always so stylish and erotic. <strong>Actually the concept of lingerie</strong> being visually appealing was a development of the late 19th century. <strong>Nowadays the lingerie</strong> industry is one of most successful business spheres. <strong>The magic of the lingerie</strong> is an undoubted fact because it is a way of self expression and it gives a pleasure and satisfaction.</p>","<p><strong>We care about our</strong> clients and never let them down. <em>We often provide different promos and you can get a good benefit</em>. Of you <strong>have some questions</strong> you can address our superb 24/7 online support system.</p><p>We are so lucky living in such a wonderful time. <strong>Our almost unlimited</strong> abilities gave us a real freedom.</p>","","","","","","","","","9999.0000","0.0000","1","0","0","1","1.0000","1","0.0000","1","1","","","1","0","1","0","1","0.0000","1","0","0","1","Ruched Ruffle Satin Prom Dress Bridesmaid - Burgundy","0","simple","","","","","",""
"admin","base","Default","simple","5","Ruched_Ruffle_Satin_Prom_Dress_Bridesmaid","0","Ruched Ruffle Satin Prom Dress Bridesmaid","","","/f/i/file_3_4.jpg","/f/i/file_3_4.jpg","/f/i/file_3_4.jpg","ruched-ruffle-satin-prom-dress-bridesmaid","ruched-ruffle-satin-prom-dress-bridesmaid.html","","Product Info Column","","","","No","No layout updates","354.8900","","","0.8000","silver","Enabled","Catalog, Search","Taxable Goods","Yes","","No","<p><strong>We are so lucky living</strong> in such a wonderful time. Our almost <strong>unlimited abilities gave</strong> us a real freedom. Our society doesn’t have such <strong>strict foundations as there</strong> were hundred years ago. <em>It is so good that we have an opportunity to make a choice.</em> Lingerie wasn’t always so stylish and erotic. Actually the concept of lingerie being visually appealing was a development of the late 19th century. Nowadays the <strong>lingerie industry is one</strong> of most successful business spheres. The magic of the <em>lingerie is an</em> undoubted fact because it is a way of self expression and it gives a pleasure and satisfaction.</p><p>Our store has a great choice of wonderful lingerie and you’ll be amazed by its variety. Our vendors and manufactures guarantee the high quality of our goods. <strong>So you can buy goods of premium</strong> quality by a fair price. <strong>We cooperate with the great</strong> number of fashion houses and you can find many unique and original products here.</p>","<p><strong>We are so lucky living</strong> in such a wonderful time. Our almost <strong>unlimited abilities gave</strong> us a real freedom. Our society doesn’t have such <strong>strict foundations as there</strong> were hundred years ago. <em>It is so good that we have an opportunity to make a choice.</em> Lingerie wasn’t always so stylish and erotic. </p>","","","","","","","","","10000.0000","0.0000","1","0","0","1","1.0000","1","0.0000","1","1","","","1","0","1","0","1","0.0000","1","0","0","1","Ruched Ruffle Satin Prom Dress Bridesmaid","0","simple","","","","","",""
"admin","base","Default","simple","5","Strapless_Tulle_Prom_Dress_Formal_Gown_Gold_Embroidery_-_Ivory_a","1","Strapless Tulle Prom Dress Formal Gown Gold Embroidery - Ivory and Gold","","","/f/i/file_20.jpg","/f/i/file_20.jpg","/f/i/file_20.jpg","strapless-tulle-prom-dress-formal-gown-gold-embroidery-ivory-and-gold","strapless-tulle-prom-dress-formal-gown-gold-embroidery-ivory-and-gold.html","","Product Info Column","","","","No","No layout updates","278.8700","","","0.7000","cream","Enabled","Catalog, Search","Taxable Goods","Yes","","No","<p><strong>Our store has</strong> a great choice of wonderful lingerie and you’ll be <strong>amazed by its variety</strong>. <span>Our vendors and manufactures guarantee the high quality</span> of our goods. So you can buy goods of premium quality by a fair price. <strong>We cooperate with</strong> the great number of <strong>fashion houses</strong> and you can find many unique and original products here.</p><p>You’ll be surprised by the variety and the quality of our materials. We always stay in touch with the latest fashion tendencies - that is why our goods are so popular and we have a great number of faithful customers all over the country. Our company has a perfect <em>reputation and a great experience and our clients’ testimonials can prove</em> this fact.</p><p>We care about our clients and never let them down. <strong>We often provide different</strong> promos and you can get a good benefit. <em>Of you have some questions</em> you can address our superb 24/7 online support system.</p>","<p><strong>Our store has</strong> a great choice of wonderful lingerie and you’ll be <strong>amazed by its variety</strong>. <span>Our vendors and manufactures guarantee the high quality</span> of our goods. So you can buy goods of premium quality by a fair price. <strong>We cooperate with</strong> the great number of <strong>fashion houses</strong> and you can find many unique and original products here.</p>","","","","","","","","","10000.0000","0.0000","1","0","0","1","1.0000","1","0.0000","1","1","","","1","0","1","0","1","0.0000","1","0","0","1","Strapless Tulle Prom Dress Formal Gown Gold Embroidery - Ivory and Gold","0","simple","","","","","",""
"admin","base","Default","simple","5","Strapless_Tulle_Prom_Dress_Formal_Gown_Gold_Embroidery","0","Strapless Tulle Prom Dress Formal Gown Gold Embroidery","","","/f/i/file_3_6.jpg","/f/i/file_3_6.jpg","/f/i/file_3_6.jpg","strapless-tulle-prom-dress-formal-gown-gold-embroidery","strapless-tulle-prom-dress-formal-gown-gold-embroidery.html","","Product Info Column","","","","No","No layout updates","297.8900","","","0.9000","pink","Enabled","Catalog, Search","Taxable Goods","Yes","","No","<p><strong>We care about our</strong> clients and never let them down. <em>We often provide different promos and you can get a good benefit</em>. Of you <strong>have some questions</strong> you can address our superb 24/7 online support system.</p><p>We are so lucky living in such a wonderful time. <strong>Our almost unlimited</strong> abilities gave us a real freedom. Our society doesn’t have such strict foundations as there were hundred years ago. It is so good that we have an opportunity to make a choice. <strong>Lingerie wasn’t</strong> always so stylish and erotic. <strong>Actually the concept of lingerie</strong> being visually appealing was a development of the late 19th century. <strong>Nowadays the lingerie</strong> industry is one of most successful business spheres. <strong>The magic of the lingerie</strong> is an undoubted fact because it is a way of self expression and it gives a pleasure and satisfaction.</p>","<p><strong>We care about our</strong> clients and never let them down. <em>We often provide different promos and you can get a good benefit</em>. Of you <strong>have some questions</strong> you can address our superb 24/7 online support system.</p><p>We are so lucky living in such a wonderful time. <strong>Our almost unlimited</strong> abilities gave us a real freedom.</p>","","","","","","","","","10000.0000","0.0000","1","0","0","1","1.0000","1","0.0000","1","1","","","1","0","1","0","1","0.0000","1","0","0","1","Strapless Tulle Prom Dress Formal Gown Gold Embroidery","0","simple","","","","","",""
"admin","base","Default","simple","6","Be_Mine_(12_long_stems)","0","Be Mine (12 long stems)","","","/f/i/file_22.jpg","/f/i/file_22.jpg","/f/i/file_22.jpg","be-mine-12-long-stems","be-mine-12-long-stems.html","","Product Info Column","","","","No","No layout updates","75.0000","","","0.3000","red","Enabled","Catalog, Search","Taxable Goods","Yes","","No","<p><strong>We are so lucky living</strong> in such a wonderful time. Our almost <strong>unlimited abilities gave</strong> us a real freedom. Our society doesn’t have such <strong>strict foundations as there</strong> were hundred years ago. <em>It is so good that we have an opportunity to make a choice.</em> Lingerie wasn’t always so stylish and erotic. Actually the concept of lingerie being visually appealing was a development of the late 19th century. Nowadays the <strong>lingerie industry is one</strong> of most successful business spheres. The magic of the <em>lingerie is an</em> undoubted fact because it is a way of self expression and it gives a pleasure and satisfaction.</p><p>Our store has a great choice of wonderful lingerie and you’ll be amazed by its variety. Our vendors and manufactures guarantee the high quality of our goods. <strong>So you can buy goods of premium</strong> quality by a fair price. <strong>We cooperate with the great</strong> number of fashion houses and you can find many unique and original products here.</p>","<p><strong>We are so lucky living</strong> in such a wonderful time. Our almost <strong>unlimited abilities gave</strong> us a real freedom. Our society doesn’t have such <strong>strict foundations as there</strong> were hundred years ago. <em>It is so good that we have an opportunity to make a choice.</em> Lingerie wasn’t always so stylish and erotic. </p>","","","","","","","","","9998.0000","0.0000","1","0","0","1","1.0000","1","0.0000","1","1","","","1","0","1","0","1","0.0000","1","0","0","1","Be Mine (12 long stems)","0","simple","","","","","",""
"admin","base","Default","simple","6","Mixed_florist_choice_wreath","0","Mixed florist choice wreath","","","/f/i/file_23.jpg","/f/i/file_23.jpg","/f/i/file_23.jpg","mixed-florist-choice-wreath","mixed-florist-choice-wreath.html","","Product Info Column","","","","No","No layout updates","90.0000","","","0.4000","peach","Enabled","Catalog, Search","Taxable Goods","Yes","","No","<p><strong>Our store has</strong> a great choice of wonderful lingerie and you’ll be <strong>amazed by its variety</strong>. <span>Our vendors and manufactures guarantee the high quality</span> of our goods. So you can buy goods of premium quality by a fair price. <strong>We cooperate with</strong> the great number of <strong>fashion houses</strong> and you can find many unique and original products here.</p><p>You’ll be surprised by the variety and the quality of our materials. We always stay in touch with the latest fashion tendencies - that is why our goods are so popular and we have a great number of faithful customers all over the country. Our company has a perfect <em>reputation and a great experience and our clients’ testimonials can prove</em> this fact.</p><p>We care about our clients and never let them down. <strong>We often provide different</strong> promos and you can get a good benefit. <em>Of you have some questions</em> you can address our superb 24/7 online support system.</p>","<p><strong>Our store has</strong> a great choice of wonderful lingerie and you’ll be <strong>amazed by its variety</strong>. <span>Our vendors and manufactures guarantee the high quality</span> of our goods. So you can buy goods of premium quality by a fair price. <strong>We cooperate with</strong> the great number of <strong>fashion houses</strong> and you can find many unique and original products here.</p>","","","","","","","","","10000.0000","0.0000","1","0","0","1","1.0000","1","0.0000","1","1","","","1","0","1","0","1","0.0000","1","0","0","1","Mixed florist choice wreath","0","simple","","","","","",""
"admin","base","Default","simple","6","Sympathy_Lily_Bouquet","0","Sympathy Lily Bouquet","","","/f/i/file_24.jpg","/f/i/file_24.jpg","/f/i/file_24.jpg","sympathy-lily-bouquet","sympathy-lily-bouquet.html","","Product Info Column","","","","No","No layout updates","50.0000","","","0.5000","white","Enabled","Catalog, Search","Taxable Goods","Yes","","No","<p><strong>We care about our</strong> clients and never let them down. <em>We often provide different promos and you can get a good benefit</em>. Of you <strong>have some questions</strong> you can address our superb 24/7 online support system.</p><p>We are so lucky living in such a wonderful time. <strong>Our almost unlimited</strong> abilities gave us a real freedom. Our society doesn’t have such strict foundations as there were hundred years ago. It is so good that we have an opportunity to make a choice. <strong>Lingerie wasn’t</strong> always so stylish and erotic. <strong>Actually the concept of lingerie</strong> being visually appealing was a development of the late 19th century. <strong>Nowadays the lingerie</strong> industry is one of most successful business spheres. <strong>The magic of the lingerie</strong> is an undoubted fact because it is a way of self expression and it gives a pleasure and satisfaction.</p>","<p><strong>We care about our</strong> clients and never let them down. <em>We often provide different promos and you can get a good benefit</em>. Of you <strong>have some questions</strong> you can address our superb 24/7 online support system.</p><p>We are so lucky living in such a wonderful time. <strong>Our almost unlimited</strong> abilities gave us a real freedom.</p>","","","","","","","","","10000.0000","0.0000","1","0","0","1","1.0000","1","0.0000","1","1","","","1","0","1","0","1","0.0000","1","0","0","1","Sympathy Lily Bouquet","0","simple","","","","","",""
"admin","base","Default","simple","6","Traditional_Pinks_(in_ceramic_pot)","0","Traditional Pinks (in ceramic pot)","","","/f/i/file_25.jpg","/f/i/file_25.jpg","/f/i/file_25.jpg","traditional-pinks-in-ceramic-pot","traditional-pinks-in-ceramic-pot.html","","Product Info Column","","","","No","No layout updates","125.0000","","","0.5000","pink","Enabled","Catalog, Search","Taxable Goods","Yes","","No","<p><strong>We are so lucky living</strong> in such a wonderful time. Our almost <strong>unlimited abilities gave</strong> us a real freedom. Our society doesn’t have such <strong>strict foundations as there</strong> were hundred years ago. <em>It is so good that we have an opportunity to make a choice.</em> Lingerie wasn’t always so stylish and erotic. Actually the concept of lingerie being visually appealing was a development of the late 19th century. Nowadays the <strong>lingerie industry is one</strong> of most successful business spheres. The magic of the <em>lingerie is an</em> undoubted fact because it is a way of self expression and it gives a pleasure and satisfaction.</p><p>Our store has a great choice of wonderful lingerie and you’ll be amazed by its variety. Our vendors and manufactures guarantee the high quality of our goods. <strong>So you can buy goods of premium</strong> quality by a fair price. <strong>We cooperate with the great</strong> number of fashion houses and you can find many unique and original products here.</p>","<p><strong>We are so lucky living</strong> in such a wonderful time. Our almost <strong>unlimited abilities gave</strong> us a real freedom. Our society doesn’t have such <strong>strict foundations as there</strong> were hundred years ago. <em>It is so good that we have an opportunity to make a choice.</em> Lingerie wasn’t always so stylish and erotic. </p>","","","","","","","","","10000.0000","0.0000","1","0","0","1","1.0000","1","0.0000","1","1","","","1","0","1","0","1","0.0000","1","0","0","1","Traditional Pinks (in ceramic pot)","0","simple","","","","","",""
"admin","base","Default","simple","6","White_Elegance","0","White Elegance","","","/f/i/file_26.jpg","/f/i/file_26.jpg","/f/i/file_26.jpg","white-elegance","white-elegance.html","","Product Info Column","","","","No","No layout updates","65.0000","","","0.6000","white","Enabled","Catalog, Search","Taxable Goods","Yes","","No","<p><strong>Our store has</strong> a great choice of wonderful lingerie and you’ll be <strong>amazed by its variety</strong>. <span>Our vendors and manufactures guarantee the high quality</span> of our goods. So you can buy goods of premium quality by a fair price. <strong>We cooperate with</strong> the great number of <strong>fashion houses</strong> and you can find many unique and original products here.</p><p>You’ll be surprised by the variety and the quality of our materials. We always stay in touch with the latest fashion tendencies - that is why our goods are so popular and we have a great number of faithful customers all over the country. Our company has a perfect <em>reputation and a great experience and our clients’ testimonials can prove</em> this fact.</p><p>We care about our clients and never let them down. <strong>We often provide different</strong> promos and you can get a good benefit. <em>Of you have some questions</em> you can address our superb 24/7 online support system.</p>","<p><strong>Our store has</strong> a great choice of wonderful lingerie and you’ll be <strong>amazed by its variety</strong>. <span>Our vendors and manufactures guarantee the high quality</span> of our goods. So you can buy goods of premium quality by a fair price. <strong>We cooperate with</strong> the great number of <strong>fashion houses</strong> and you can find many unique and original products here.</p>","","","","","","","","","10000.0000","0.0000","1","0","0","1","1.0000","1","0.0000","1","1","","","1","0","1","0","1","0.0000","1","0","0","1","White Elegance","0","simple","","","","","",""
"admin","base","Default","simple","6","White_Sympathy_Sheaf_(Large)","0","White Sympathy Sheaf (Large)","","","/f/i/file_27.jpg","/f/i/file_27.jpg","/f/i/file_27.jpg","white-sympathy-sheaf-large","white-sympathy-sheaf-large.html","","Product Info Column","","","","No","No layout updates","95.0000","","","0.7000","white","Enabled","Catalog, Search","Taxable Goods","Yes","","No","<p><strong>We care about our</strong> clients and never let them down. <em>We often provide different promos and you can get a good benefit</em>. Of you <strong>have some questions</strong> you can address our superb 24/7 online support system.</p><p>We are so lucky living in such a wonderful time. <strong>Our almost unlimited</strong> abilities gave us a real freedom. Our society doesn’t have such strict foundations as there were hundred years ago. It is so good that we have an opportunity to make a choice. <strong>Lingerie wasn’t</strong> always so stylish and erotic. <strong>Actually the concept of lingerie</strong> being visually appealing was a development of the late 19th century. <strong>Nowadays the lingerie</strong> industry is one of most successful business spheres. <strong>The magic of the lingerie</strong> is an undoubted fact because it is a way of self expression and it gives a pleasure and satisfaction.</p>","<p><strong>We care about our</strong> clients and never let them down. <em>We often provide different promos and you can get a good benefit</em>. Of you <strong>have some questions</strong> you can address our superb 24/7 online support system.</p><p>We are so lucky living in such a wonderful time. <strong>Our almost unlimited</strong> abilities gave us a real freedom.</p>","","","","","","","","","10000.0000","0.0000","1","0","0","1","1.0000","1","0.0000","1","1","","","1","0","1","0","1","0.0000","1","0","0","1","White Sympathy Sheaf (Large)","0","simple","","","","","",""
"admin","base","Default","simple","7,8","14k_Choice_of_White_or_Yellow_Gold_Black_Diamond_Studs","1","14k Choice of White or Yellow Gold Black Diamond Studs","","","/f/i/file_2_17.jpg","/f/i/file_2_17.jpg","/f/i/file_2_17.jpg","14k-choice-of-white-or-yellow-gold-black-diamond-studs","14k-choice-of-white-or-yellow-gold-black-diamond-studs.html","","Product Info Column","","","","No","No layout updates","125.6300","","","0.0100","white","Enabled","Catalog, Search","Taxable Goods","Yes","","No","<p><strong>We are so lucky living</strong> in such a wonderful time. Our almost <strong>unlimited abilities gave</strong> us a real freedom. Our society doesn’t have such <strong>strict foundations as there</strong> were hundred years ago. <em>It is so good that we have an opportunity to make a choice.</em> Lingerie wasn’t always so stylish and erotic. Actually the concept of lingerie being visually appealing was a development of the late 19th century. Nowadays the <strong>lingerie industry is one</strong> of most successful business spheres. The magic of the <em>lingerie is an</em> undoubted fact because it is a way of self expression and it gives a pleasure and satisfaction.</p><p>Our store has a great choice of wonderful lingerie and you’ll be amazed by its variety. Our vendors and manufactures guarantee the high quality of our goods. <strong>So you can buy goods of premium</strong> quality by a fair price. <strong>We cooperate with the great</strong> number of fashion houses and you can find many unique and original products here.</p>","<p><strong>We are so lucky living</strong> in such a wonderful time. Our almost <strong>unlimited abilities gave</strong> us a real freedom. Our society doesn’t have such <strong>strict foundations as there</strong> were hundred years ago. <em>It is so good that we have an opportunity to make a choice.</em> Lingerie wasn’t always so stylish and erotic. </p>","","","","","","","","","10000.0000","0.0000","1","0","0","1","1.0000","1","0.0000","1","1","","","1","0","1","0","1","0.0000","1","0","0","1","14k Choice of White or Yellow Gold Black Diamond Studs","0","simple","",""," ","Use config","Use config",""
"admin","base","Default","simple","8","14K_White_Gold_0.33_Carat_Diamond_Stud_Earrings","0","14K White Gold 0.33 Carat Diamond Stud Earrings","","","/f/i/file_2_18.jpg","/f/i/file_2_18.jpg","/f/i/file_2_18.jpg","14k-white-gold-0-33-carat-diamond-stud-earrings","14k-white-gold-0-33-carat-diamond-stud-earrings.html","","Product Info Column","","","","No","No layout updates","236.2500","","","0.0150","silver","Enabled","Catalog, Search","Taxable Goods","Yes","","No","<p><strong>Our store has</strong> a great choice of wonderful lingerie and you’ll be <strong>amazed by its variety</strong>. <span>Our vendors and manufactures guarantee the high quality</span> of our goods. So you can buy goods of premium quality by a fair price. <strong>We cooperate with</strong> the great number of <strong>fashion houses</strong> and you can find many unique and original products here.</p><p>You’ll be surprised by the variety and the quality of our materials. We always stay in touch with the latest fashion tendencies - that is why our goods are so popular and we have a great number of faithful customers all over the country. Our company has a perfect <em>reputation and a great experience and our clients’ testimonials can prove</em> this fact.</p><p>We care about our clients and never let them down. <strong>We often provide different</strong> promos and you can get a good benefit. <em>Of you have some questions</em> you can address our superb 24/7 online support system.</p>","<p><strong>Our store has</strong> a great choice of wonderful lingerie and you’ll be <strong>amazed by its variety</strong>. <span>Our vendors and manufactures guarantee the high quality</span> of our goods. So you can buy goods of premium quality by a fair price. <strong>We cooperate with</strong> the great number of <strong>fashion houses</strong> and you can find many unique and original products here.</p>","","","","","","","","","10000.0000","0.0000","1","0","0","1","1.0000","1","0.0000","1","1","","","1","0","1","0","1","0.0000","1","0","0","1","14K White Gold 0.33 Carat Diamond Stud Earrings","0","simple","","","","","",""
"admin","base","Default","simple","8","14k_White_Gold_Round_Diamond_Stud_Earrings","1","14k White Gold Round Diamond Stud Earrings","","","/f/i/file_3_7.jpg","/f/i/file_3_7.jpg","/f/i/file_3_7.jpg","14k-white-gold-round-diamond-stud-earrings","14k-white-gold-round-diamond-stud-earrings.html","","Product Info Column","","","","No","No layout updates","267.3200","","","0.0100","silver","Enabled","Catalog, Search","Taxable Goods","Yes","","No","<p><strong>We care about our</strong> clients and never let them down. <em>We often provide different promos and you can get a good benefit</em>. Of you <strong>have some questions</strong> you can address our superb 24/7 online support system.</p><p>We are so lucky living in such a wonderful time. <strong>Our almost unlimited</strong> abilities gave us a real freedom. Our society doesn’t have such strict foundations as there were hundred years ago. It is so good that we have an opportunity to make a choice. <strong>Lingerie wasn’t</strong> always so stylish and erotic. <strong>Actually the concept of lingerie</strong> being visually appealing was a development of the late 19th century. <strong>Nowadays the lingerie</strong> industry is one of most successful business spheres. <strong>The magic of the lingerie</strong> is an undoubted fact because it is a way of self expression and it gives a pleasure and satisfaction.</p>","<p><strong>We care about our</strong> clients and never let them down. <em>We often provide different promos and you can get a good benefit</em>. Of you <strong>have some questions</strong> you can address our superb 24/7 online support system.</p><p>We are so lucky living in such a wonderful time. <strong>Our almost unlimited</strong> abilities gave us a real freedom.</p>","","","","","","","","","10000.0000","0.0000","1","0","0","1","1.0000","1","0.0000","1","1","","","1","0","1","0","1","0.0000","1","0","0","1","14k White Gold Round Diamond Stud Earrings","0","simple","","","","","",""
"admin","base","Default","simple","8","14K_Yellow_Gold_Princess_Diamond_4-Prong_Stud_Earrings","0","14K Yellow Gold Princess Diamond 4-Prong Stud Earrings","","","/f/i/file_34.jpg","/f/i/file_34.jpg","/f/i/file_34.jpg","14k-yellow-gold-princess-diamond-4-prong-stud-earrings","14k-yellow-gold-princess-diamond-4-prong-stud-earrings.html","","Product Info Column","","","","No","No layout updates","321.2100","","","0.0150","gold","Enabled","Catalog, Search","Taxable Goods","Yes","","No","<p><strong>We are so lucky living</strong> in such a wonderful time. Our almost <strong>unlimited abilities gave</strong> us a real freedom. Our society doesn’t have such <strong>strict foundations as there</strong> were hundred years ago. <em>It is so good that we have an opportunity to make a choice.</em> Lingerie wasn’t always so stylish and erotic. Actually the concept of lingerie being visually appealing was a development of the late 19th century. Nowadays the <strong>lingerie industry is one</strong> of most successful business spheres. The magic of the <em>lingerie is an</em> undoubted fact because it is a way of self expression and it gives a pleasure and satisfaction.</p><p>Our store has a great choice of wonderful lingerie and you’ll be amazed by its variety. Our vendors and manufactures guarantee the high quality of our goods. <strong>So you can buy goods of premium</strong> quality by a fair price. <strong>We cooperate with the great</strong> number of fashion houses and you can find many unique and original products here.</p>","<p><strong>We are so lucky living</strong> in such a wonderful time. Our almost <strong>unlimited abilities gave</strong> us a real freedom. Our society doesn’t have such <strong>strict foundations as there</strong> were hundred years ago. <em>It is so good that we have an opportunity to make a choice.</em> Lingerie wasn’t always so stylish and erotic. </p>","","","","","","","","","10000.0000","0.0000","1","0","0","1","1.0000","1","0.0000","1","1","","","1","0","1","0","1","0.0000","1","0","0","1","14K Yellow Gold Princess Diamond 4-Prong Stud Earrings","0","simple","","","","","",""
"admin","base","Default","simple","8","14K_YG_2.00ct_Diamond_Inside_Out_Hoop_Earrings","1","14K YG 2.00ct Diamond Inside Out Hoop Earrings","","","/f/i/file_3_9.jpg","/f/i/file_3_9.jpg","/f/i/file_3_9.jpg","14k-yg-2-00ct-diamond-inside-out-hoop-earrings","14k-yg-2-00ct-diamond-inside-out-hoop-earrings.html","","Product Info Column","","","","No","No layout updates","365.1400","","","0.0150","silver","Enabled","Catalog, Search","Taxable Goods","Yes","","No","<p><strong>Our store has</strong> a great choice of wonderful lingerie and you’ll be <strong>amazed by its variety</strong>. <span>Our vendors and manufactures guarantee the high quality</span> of our goods. So you can buy goods of premium quality by a fair price. <strong>We cooperate with</strong> the great number of <strong>fashion houses</strong> and you can find many unique and original products here.</p><p>You’ll be surprised by the variety and the quality of our materials. We always stay in touch with the latest fashion tendencies - that is why our goods are so popular and we have a great number of faithful customers all over the country. Our company has a perfect <em>reputation and a great experience and our clients’ testimonials can prove</em> this fact.</p><p>We care about our clients and never let them down. <strong>We often provide different</strong> promos and you can get a good benefit. <em>Of you have some questions</em> you can address our superb 24/7 online support system.</p>","<p><strong>Our store has</strong> a great choice of wonderful lingerie and you’ll be <strong>amazed by its variety</strong>. <span>Our vendors and manufactures guarantee the high quality</span> of our goods. So you can buy goods of premium quality by a fair price. <strong>We cooperate with</strong> the great number of <strong>fashion houses</strong> and you can find many unique and original products here.</p>","","","","","","","","","10000.0000","0.0000","1","0","0","1","1.0000","1","0.0000","1","1","","","1","0","1","0","1","0.0000","1","0","0","1","14K YG 2.00ct Diamond Inside Out Hoop Earrings","0","simple","","","","","",""
"admin","base","Default","simple","8","Sterling_Silver_Amethyst_Butterfly","0","Sterling Silver Amethyst Butterfly","","","/f/i/file_3_10.jpg","/f/i/file_3_10.jpg","/f/i/file_3_10.jpg","sterling-silver-amethyst-butterfly","sterling-silver-amethyst-butterfly.html","","Product Info Column","","","","No","No layout updates","325.6900","","","0.0100","silver","Enabled","Catalog, Search","Taxable Goods","Yes","","No","<p><strong>We care about our</strong> clients and never let them down. <em>We often provide different promos and you can get a good benefit</em>. Of you <strong>have some questions</strong> you can address our superb 24/7 online support system.</p><p>We are so lucky living in such a wonderful time. <strong>Our almost unlimited</strong> abilities gave us a real freedom. Our society doesn’t have such strict foundations as there were hundred years ago. It is so good that we have an opportunity to make a choice. <strong>Lingerie wasn’t</strong> always so stylish and erotic. <strong>Actually the concept of lingerie</strong> being visually appealing was a development of the late 19th century. <strong>Nowadays the lingerie</strong> industry is one of most successful business spheres. <strong>The magic of the lingerie</strong> is an undoubted fact because it is a way of self expression and it gives a pleasure and satisfaction.</p>","<p><strong>We care about our</strong> clients and never let them down. <em>We often provide different promos and you can get a good benefit</em>. Of you <strong>have some questions</strong> you can address our superb 24/7 online support system.</p><p>We are so lucky living in such a wonderful time. <strong>Our almost unlimited</strong> abilities gave us a real freedom.</p>","","","","","","","","","10000.0000","0.0000","1","0","0","1","1.0000","1","0.0000","1","1","","","1","0","1","0","1","0.0000","1","0","0","1","Sterling Silver Amethyst Butterfly","0","simple","","","","","",""
"admin","base","Default","simple","7,9","1.00_Carat_Diamond_&_Sterling_Silver_Kisses_&_Hugs_Necklace","1","1.00 Carat Diamond & Sterling Silver Kisses & Hugs Necklace","","","/f/i/file_3_11.jpg","/f/i/file_3_11.jpg","/f/i/file_3_11.jpg","1-00-carat-diamond-and-sterling-silver-kisses-and-hugs-necklace","1-00-carat-diamond-and-sterling-silver-kisses-and-hugs-necklace.html","","Product Info Column","","","","No","No layout updates","456.3600","","","0.0300","silver","Enabled","Catalog, Search","Taxable Goods","Yes","","No","<p><strong>We are so lucky living</strong> in such a wonderful time. Our almost <strong>unlimited abilities gave</strong> us a real freedom. Our society doesn’t have such <strong>strict foundations as there</strong> were hundred years ago. <em>It is so good that we have an opportunity to make a choice.</em> Lingerie wasn’t always so stylish and erotic. Actually the concept of lingerie being visually appealing was a development of the late 19th century. Nowadays the <strong>lingerie industry is one</strong> of most successful business spheres. The magic of the <em>lingerie is an</em> undoubted fact because it is a way of self expression and it gives a pleasure and satisfaction.</p><p>Our store has a great choice of wonderful lingerie and you’ll be amazed by its variety. Our vendors and manufactures guarantee the high quality of our goods. <strong>So you can buy goods of premium</strong> quality by a fair price. <strong>We cooperate with the great</strong> number of fashion houses and you can find many unique and original products here.</p>","<p><strong>We are so lucky living</strong> in such a wonderful time. Our almost <strong>unlimited abilities gave</strong> us a real freedom. Our society doesn’t have such <strong>strict foundations as there</strong> were hundred years ago. <em>It is so good that we have an opportunity to make a choice.</em> Lingerie wasn’t always so stylish and erotic. </p>","","","","","","","","","9998.0000","0.0000","1","0","0","1","1.0000","1","0.0000","1","1","","","1","0","1","0","1","0.0000","1","0","0","1","1.00 Carat Diamond & Sterling Silver Kisses & Hugs Necklace","0","simple","",""," ","Use config","Use config",""
"admin","base","Default","simple","9","Design_Necklace_Earrings_Jewelry","0","Design Necklace Earrings Jewelry","","","/f/i/file_2_25.jpg","/f/i/file_2_25.jpg","/f/i/file_2_25.jpg","design-necklace-earrings-jewelry","design-necklace-earrings-jewelry.html","","Product Info Column","","","","No","No layout updates","456.3900","","","0.0250","silver","Enabled","Catalog, Search","Taxable Goods","Yes","","No","<p><strong>Our store has</strong> a great choice of wonderful lingerie and you’ll be <strong>amazed by its variety</strong>. <span>Our vendors and manufactures guarantee the high quality</span> of our goods. So you can buy goods of premium quality by a fair price. <strong>We cooperate with</strong> the great number of <strong>fashion houses</strong> and you can find many unique and original products here.</p><p>You’ll be surprised by the variety and the quality of our materials. We always stay in touch with the latest fashion tendencies - that is why our goods are so popular and we have a great number of faithful customers all over the country. Our company has a perfect <em>reputation and a great experience and our clients’ testimonials can prove</em> this fact.</p><p>We care about our clients and never let them down. <strong>We often provide different</strong> promos and you can get a good benefit. <em>Of you have some questions</em> you can address our superb 24/7 online support system.</p>","<p><strong>Our store has</strong> a great choice of wonderful lingerie and you’ll be <strong>amazed by its variety</strong>. <span>Our vendors and manufactures guarantee the high quality</span> of our goods. So you can buy goods of premium quality by a fair price. <strong>We cooperate with</strong> the great number of <strong>fashion houses</strong> and you can find many unique and original products here.</p>","","","","","","","","","10000.0000","0.0000","1","0","0","1","1.0000","1","0.0000","1","1","","","1","0","1","0","1","0.0000","1","0","0","1","Design Necklace Earrings Jewelry","0","simple","","","","","",""
"admin","base","Default","simple","9","Midnight_Blues_Necklace_Earrings_Box_Set","1","Midnight Blues Necklace Earrings Box Set","","","/f/i/file_39.jpg","/f/i/file_39.jpg","/f/i/file_39.jpg","midnight-blues-necklace-earrings-box-set","midnight-blues-necklace-earrings-box-set.html","","Product Info Column","","","","No","No layout updates","457.8700","","","0.0300","dark blue","Enabled","Catalog, Search","Taxable Goods","Yes","","No","<p><strong>We care about our</strong> clients and never let them down. <em>We often provide different promos and you can get a good benefit</em>. Of you <strong>have some questions</strong> you can address our superb 24/7 online support system.</p><p>We are so lucky living in such a wonderful time. <strong>Our almost unlimited</strong> abilities gave us a real freedom. Our society doesn’t have such strict foundations as there were hundred years ago. It is so good that we have an opportunity to make a choice. <strong>Lingerie wasn’t</strong> always so stylish and erotic. <strong>Actually the concept of lingerie</strong> being visually appealing was a development of the late 19th century. <strong>Nowadays the lingerie</strong> industry is one of most successful business spheres. <strong>The magic of the lingerie</strong> is an undoubted fact because it is a way of self expression and it gives a pleasure and satisfaction.</p>","<p><strong>We care about our</strong> clients and never let them down. <em>We often provide different promos and you can get a good benefit</em>. Of you <strong>have some questions</strong> you can address our superb 24/7 online support system.</p><p>We are so lucky living in such a wonderful time. <strong>Our almost unlimited</strong> abilities gave us a real freedom.</p>","","","","","","","","","10000.0000","0.0000","1","0","0","1","1.0000","1","0.0000","1","1","","","1","0","1","0","1","0.0000","1","0","0","1","Midnight Blues Necklace Earrings Box Set","0","simple","","","","","",""
"admin","base","Default","simple","9","Stainless_Steel_and_Gold_Screw_Necklace","0","Stainless Steel and Gold Screw Necklace","","","/f/i/file_2_27.jpg","/f/i/file_2_27.jpg","/f/i/file_2_27.jpg","stainless-steel-and-gold-screw-necklace","stainless-steel-and-gold-screw-necklace.html","","Product Info Column","","","","No","No layout updates","314.2500","","","0.0400","silver","Enabled","Catalog, Search","Taxable Goods","Yes","","No","<p><strong>We are so lucky living</strong> in such a wonderful time. Our almost <strong>unlimited abilities gave</strong> us a real freedom. Our society doesn’t have such <strong>strict foundations as there</strong> were hundred years ago. <em>It is so good that we have an opportunity to make a choice.</em> Lingerie wasn’t always so stylish and erotic. Actually the concept of lingerie being visually appealing was a development of the late 19th century. Nowadays the <strong>lingerie industry is one</strong> of most successful business spheres. The magic of the <em>lingerie is an</em> undoubted fact because it is a way of self expression and it gives a pleasure and satisfaction.</p><p>Our store has a great choice of wonderful lingerie and you’ll be amazed by its variety. Our vendors and manufactures guarantee the high quality of our goods. <strong>So you can buy goods of premium</strong> quality by a fair price. <strong>We cooperate with the great</strong> number of fashion houses and you can find many unique and original products here.</p>","<p><strong>We are so lucky living</strong> in such a wonderful time. Our almost <strong>unlimited abilities gave</strong> us a real freedom. Our society doesn’t have such <strong>strict foundations as there</strong> were hundred years ago. <em>It is so good that we have an opportunity to make a choice.</em> Lingerie wasn’t always so stylish and erotic. </p>","","","","","","","","","10000.0000","0.0000","1","0","0","1","1.0000","1","0.0000","1","1","","","1","0","1","0","1","0.0000","1","0","0","1","Stainless Steel and Gold Screw Necklace","0","simple","","","","","",""
"admin","base","Default","simple","9","Sterling_Silver_Polished_Heart_Rolo_Necklace","1","Sterling Silver Polished Heart Rolo Necklace","","","/f/i/file_2_29.jpg","/f/i/file_2_29.jpg","/f/i/file_2_29.jpg","sterling-silver-polished-heart-rolo-necklace","sterling-silver-polished-heart-rolo-necklace.html","","Product Info Column","","","","No","No layout updates","365.6900","","","0.0450","silver","Enabled","Catalog, Search","Taxable Goods","Yes","","No","<p><strong>Our store has</strong> a great choice of wonderful lingerie and you’ll be <strong>amazed by its variety</strong>. <span>Our vendors and manufactures guarantee the high quality</span> of our goods. So you can buy goods of premium quality by a fair price. <strong>We cooperate with</strong> the great number of <strong>fashion houses</strong> and you can find many unique and original products here.</p><p>You’ll be surprised by the variety and the quality of our materials. We always stay in touch with the latest fashion tendencies - that is why our goods are so popular and we have a great number of faithful customers all over the country. Our company has a perfect <em>reputation and a great experience and our clients’ testimonials can prove</em> this fact.</p><p>We care about our clients and never let them down. <strong>We often provide different</strong> promos and you can get a good benefit. <em>Of you have some questions</em> you can address our superb 24/7 online support system.</p>","<p><strong>Our store has</strong> a great choice of wonderful lingerie and you’ll be <strong>amazed by its variety</strong>. <span>Our vendors and manufactures guarantee the high quality</span> of our goods. So you can buy goods of premium quality by a fair price. <strong>We cooperate with</strong> the great number of <strong>fashion houses</strong> and you can find many unique and original products here.</p>","","","","","","","","","10000.0000","0.0000","1","0","0","1","1.0000","1","0.0000","1","1","","","1","0","1","0","1","0.0000","1","0","0","1","Sterling Silver Polished Heart Rolo Necklace","0","simple","","","","","",""
"admin","base","Default","simple","9","Sterling_Silver_Twisted_Cable_Necklace","0","Sterling Silver Twisted Cable Necklace","","","/f/i/file_2_30.jpg","/f/i/file_2_30.jpg","/f/i/file_2_30.jpg","sterling-silver-twisted-cable-necklace","sterling-silver-twisted-cable-necklace.html","","Product Info Column","","","","No","No layout updates","235.8700","","","0.0400","silver","Enabled","Catalog, Search","Taxable Goods","Yes","","No","<p><strong>We care about our</strong> clients and never let them down. <em>We often provide different promos and you can get a good benefit</em>. Of you <strong>have some questions</strong> you can address our superb 24/7 online support system.</p><p>We are so lucky living in such a wonderful time. <strong>Our almost unlimited</strong> abilities gave us a real freedom. Our society doesn’t have such strict foundations as there were hundred years ago. It is so good that we have an opportunity to make a choice. <strong>Lingerie wasn’t</strong> always so stylish and erotic. <strong>Actually the concept of lingerie</strong> being visually appealing was a development of the late 19th century. <strong>Nowadays the lingerie</strong> industry is one of most successful business spheres. <strong>The magic of the lingerie</strong> is an undoubted fact because it is a way of self expression and it gives a pleasure and satisfaction.</p>","<p><strong>We care about our</strong> clients and never let them down. <em>We often provide different promos and you can get a good benefit</em>. Of you <strong>have some questions</strong> you can address our superb 24/7 online support system.</p><p>We are so lucky living in such a wonderful time. <strong>Our almost unlimited</strong> abilities gave us a real freedom.</p>","","","","","","","","","10000.0000","0.0000","1","0","0","1","1.0000","1","0.0000","1","1","","","1","0","1","0","1","0.0000","1","0","0","1","Sterling Silver Twisted Cable Necklace","0","simple","","","","","",""
"admin","base","Default","simple","7,10","10k_Choice_of_White_or_Yellow_Gold,_December_Birthstone,_Blue-To","1","10k Choice of White or Yellow Gold, December Birthstone, Blue-Topaz and Diamond Ring","","","/f/i/file_3_18.jpg","/f/i/file_3_18.jpg","/f/i/file_3_18.jpg","10k-choice-of-white-or-yellow-gold-december-birthstone-blue-topaz-and-diamond-ring","10k-choice-of-white-or-yellow-gold-december-birthstone-blue-topaz-and-diamond-ring.html","","Product Info Column","","","","No","No layout updates","201.3100","","","0.0100","gold","Enabled","Catalog, Search","Taxable Goods","Yes","","No","<p><strong>We are so lucky living</strong> in such a wonderful time. Our almost <strong>unlimited abilities gave</strong> us a real freedom. Our society doesn’t have such <strong>strict foundations as there</strong> were hundred years ago. <em>It is so good that we have an opportunity to make a choice.</em> Lingerie wasn’t always so stylish and erotic. Actually the concept of lingerie being visually appealing was a development of the late 19th century. Nowadays the <strong>lingerie industry is one</strong> of most successful business spheres. The magic of the <em>lingerie is an</em> undoubted fact because it is a way of self expression and it gives a pleasure and satisfaction.</p><p>Our store has a great choice of wonderful lingerie and you’ll be amazed by its variety. Our vendors and manufactures guarantee the high quality of our goods. <strong>So you can buy goods of premium</strong> quality by a fair price. <strong>We cooperate with the great</strong> number of fashion houses and you can find many unique and original products here.</p>","<p><strong>We are so lucky living</strong> in such a wonderful time. Our almost <strong>unlimited abilities gave</strong> us a real freedom. Our society doesn’t have such <strong>strict foundations as there</strong> were hundred years ago. <em>It is so good that we have an opportunity to make a choice.</em> Lingerie wasn’t always so stylish and erotic. </p>","","","","","","","","","10000.0000","0.0000","1","0","0","1","1.0000","1","0.0000","1","1","","","1","0","1","0","1","0.0000","1","0","0","1","10k Choice of White or Yellow Gold, December Birthstone, Blue-Topaz and Diamond Ring","0","simple","",""," ","Use config","Use config",""
"admin","base","Default","simple","10","10k_Choice_of_White_or_Yellow_Gold_Diamond_Infinity_Twist_Ring","0","10k Choice of White or Yellow Gold Diamond Infinity Twist Ring","","","/f/i/file_2_32.jpg","/f/i/file_2_32.jpg","/f/i/file_2_32.jpg","10k-choice-of-white-or-yellow-gold-diamond-infinity-twist-ring","10k-choice-of-white-or-yellow-gold-diamond-infinity-twist-ring.html","","Product Info Column","","","","No","No layout updates","129.8400","","","0.0100","silver","Enabled","Catalog, Search","Taxable Goods","Yes","","No","<p><strong>Our store has</strong> a great choice of wonderful lingerie and you’ll be <strong>amazed by its variety</strong>. <span>Our vendors and manufactures guarantee the high quality</span> of our goods. So you can buy goods of premium quality by a fair price. <strong>We cooperate with</strong> the great number of <strong>fashion houses</strong> and you can find many unique and original products here.</p><p>You’ll be surprised by the variety and the quality of our materials. We always stay in touch with the latest fashion tendencies - that is why our goods are so popular and we have a great number of faithful customers all over the country. Our company has a perfect <em>reputation and a great experience and our clients’ testimonials can prove</em> this fact.</p><p>We care about our clients and never let them down. <strong>We often provide different</strong> promos and you can get a good benefit. <em>Of you have some questions</em> you can address our superb 24/7 online support system.</p>","<p><strong>Our store has</strong> a great choice of wonderful lingerie and you’ll be <strong>amazed by its variety</strong>. <span>Our vendors and manufactures guarantee the high quality</span> of our goods. So you can buy goods of premium quality by a fair price. <strong>We cooperate with</strong> the great number of <strong>fashion houses</strong> and you can find many unique and original products here.</p>","","","","","","","","","10000.0000","0.0000","1","0","0","1","1.0000","1","0.0000","1","1","","","1","0","1","0","1","0.0000","1","0","0","1","10k Choice of White or Yellow Gold Diamond Infinity Twist Ring","0","simple","","","","","",""
"admin","base","Default","simple","10","Round_Brilliant_Diamond_Wedding_Ring_Set_in_14kt_White_Gold","1","Round Brilliant Diamond Wedding Ring Set in 14kt White Gold","","","/f/i/file_47.jpg","/f/i/file_47.jpg","/f/i/file_47.jpg","round-brilliant-diamond-wedding-ring-set-in-14kt-white-gold","round-brilliant-diamond-wedding-ring-set-in-14kt-white-gold.html","","Product Info Column","","","","No","No layout updates","298.9900","","","0.0100","silver","Enabled","Catalog, Search","Taxable Goods","Yes","","No","<p><strong>We care about our</strong> clients and never let them down. <em>We often provide different promos and you can get a good benefit</em>. Of you <strong>have some questions</strong> you can address our superb 24/7 online support system.</p><p>We are so lucky living in such a wonderful time. <strong>Our almost unlimited</strong> abilities gave us a real freedom. Our society doesn’t have such strict foundations as there were hundred years ago. It is so good that we have an opportunity to make a choice. <strong>Lingerie wasn’t</strong> always so stylish and erotic. <strong>Actually the concept of lingerie</strong> being visually appealing was a development of the late 19th century. <strong>Nowadays the lingerie</strong> industry is one of most successful business spheres. <strong>The magic of the lingerie</strong> is an undoubted fact because it is a way of self expression and it gives a pleasure and satisfaction.</p>","<p><strong>We care about our</strong> clients and never let them down. <em>We often provide different promos and you can get a good benefit</em>. Of you <strong>have some questions</strong> you can address our superb 24/7 online support system.</p><p>We are so lucky living in such a wonderful time. <strong>Our almost unlimited</strong> abilities gave us a real freedom.</p>","","","","","","","","","10000.0000","0.0000","1","0","0","1","1.0000","1","0.0000","1","1","","","1","0","1","0","1","0.0000","1","0","0","1","Round Brilliant Diamond Wedding Ring Set in 14kt White Gold","0","simple","","","","","",""
"admin","base","Default","simple","10","Three-Stone_Diamond_Wedding_Rings_Set_in_14kt_Gold","0","Three-Stone Diamond Wedding Rings Set in 14kt Gold","","","/f/i/file_4_2.jpg","/f/i/file_4_2.jpg","/f/i/file_4_2.jpg","three-stone-diamond-wedding-rings-set-in-14kt-gold","three-stone-diamond-wedding-rings-set-in-14kt-gold.html","","Product Info Column","","","","No","No layout updates","256.3100","","","0.0100","silver","Enabled","Catalog, Search","Taxable Goods","Yes","","No","<p><strong>We are so lucky living</strong> in such a wonderful time. Our almost <strong>unlimited abilities gave</strong> us a real freedom. Our society doesn’t have such <strong>strict foundations as there</strong> were hundred years ago. <em>It is so good that we have an opportunity to make a choice.</em> Lingerie wasn’t always so stylish and erotic. Actually the concept of lingerie being visually appealing was a development of the late 19th century. Nowadays the <strong>lingerie industry is one</strong> of most successful business spheres. The magic of the <em>lingerie is an</em> undoubted fact because it is a way of self expression and it gives a pleasure and satisfaction.</p><p>Our store has a great choice of wonderful lingerie and you’ll be amazed by its variety. Our vendors and manufactures guarantee the high quality of our goods. <strong>So you can buy goods of premium</strong> quality by a fair price. <strong>We cooperate with the great</strong> number of fashion houses and you can find many unique and original products here.</p>","<p><strong>We are so lucky living</strong> in such a wonderful time. Our almost <strong>unlimited abilities gave</strong> us a real freedom. Our society doesn’t have such <strong>strict foundations as there</strong> were hundred years ago. <em>It is so good that we have an opportunity to make a choice.</em> Lingerie wasn’t always so stylish and erotic. </p>","","","","","","","","","10000.0000","0.0000","1","0","0","1","1.0000","1","0.0000","1","1","","","1","0","1","0","1","0.0000","1","0","0","1","Three-Stone Diamond Wedding Rings Set in 14kt Gold","0","simple","","","","","",""
"admin","base","Default","simple","10","Three_Stone_Round_Brilliant_Diamond_Ring","1","Three Stone Round Brilliant Diamond Ring","","","/f/i/file_3_22.jpg","/f/i/file_3_22.jpg","/f/i/file_3_22.jpg","three-stone-round-brilliant-diamond-ring","three-stone-round-brilliant-diamond-ring.html","","Product Info Column","","","","No","No layout updates","236.6900","","","0.0150","silver","Enabled","Catalog, Search","Taxable Goods","Yes","","No","<p><strong>Our store has</strong> a great choice of wonderful lingerie and you’ll be <strong>amazed by its variety</strong>. <span>Our vendors and manufactures guarantee the high quality</span> of our goods. So you can buy goods of premium quality by a fair price. <strong>We cooperate with</strong> the great number of <strong>fashion houses</strong> and you can find many unique and original products here.</p><p>You’ll be surprised by the variety and the quality of our materials. We always stay in touch with the latest fashion tendencies - that is why our goods are so popular and we have a great number of faithful customers all over the country. Our company has a perfect <em>reputation and a great experience and our clients’ testimonials can prove</em> this fact.</p><p>We care about our clients and never let them down. <strong>We often provide different</strong> promos and you can get a good benefit. <em>Of you have some questions</em> you can address our superb 24/7 online support system.</p>","<p><strong>Our store has</strong> a great choice of wonderful lingerie and you’ll be <strong>amazed by its variety</strong>. <span>Our vendors and manufactures guarantee the high quality</span> of our goods. So you can buy goods of premium quality by a fair price. <strong>We cooperate with</strong> the great number of <strong>fashion houses</strong> and you can find many unique and original products here.</p>","","","","","","","","","10000.0000","0.0000","1","0","0","1","1.0000","1","0.0000","1","1","","","1","0","1","0","1","0.0000","1","0","0","1","Three Stone Round Brilliant Diamond Ring","0","simple","","","","","",""
"admin","base","Default","simple","10","Three_Stone_Round_Diamond_Wedding_Ring","0","Three Stone Round Diamond Wedding Ring","","","/f/i/file_50.jpg","/f/i/file_50.jpg","/f/i/file_50.jpg","three-stone-round-diamond-wedding-ring","three-stone-round-diamond-wedding-ring.html","","Product Info Column","","","","No","No layout updates","265.7400","","","0.0100","silver","Enabled","Catalog, Search","Taxable Goods","Yes","","No","<p><strong>We care about our</strong> clients and never let them down. <em>We often provide different promos and you can get a good benefit</em>. Of you <strong>have some questions</strong> you can address our superb 24/7 online support system.</p><p>We are so lucky living in such a wonderful time. <strong>Our almost unlimited</strong> abilities gave us a real freedom. Our society doesn’t have such strict foundations as there were hundred years ago. It is so good that we have an opportunity to make a choice. <strong>Lingerie wasn’t</strong> always so stylish and erotic. <strong>Actually the concept of lingerie</strong> being visually appealing was a development of the late 19th century. <strong>Nowadays the lingerie</strong> industry is one of most successful business spheres. <strong>The magic of the lingerie</strong> is an undoubted fact because it is a way of self expression and it gives a pleasure and satisfaction.</p>","<p><strong>We care about our</strong> clients and never let them down. <em>We often provide different promos and you can get a good benefit</em>. Of you <strong>have some questions</strong> you can address our superb 24/7 online support system.</p><p>We are so lucky living in such a wonderful time. <strong>Our almost unlimited</strong> abilities gave us a real freedom.</p>","","","","","","","","","10000.0000","0.0000","1","0","0","1","1.0000","1","0.0000","1","1","","","1","0","1","0","1","0.0000","1","0","0","1","Three Stone Round Diamond Wedding Ring","0","simple","","","","","",""
"admin","base","Default","simple","10","White_or_Yellow_Gold_Round_7-Stone_Ring","1","White or Yellow Gold Round 7-Stone Ring","","","/f/i/file_51.jpg","/f/i/file_51.jpg","/f/i/file_51.jpg","white-or-yellow-gold-round-7-stone-ring","white-or-yellow-gold-round-7-stone-ring.html","","Product Info Column","","","","No","No layout updates","263.2100","","","0.0150","silver","Enabled","Catalog, Search","Taxable Goods","Yes","","No","<p><strong>We are so lucky living</strong> in such a wonderful time. Our almost <strong>unlimited abilities gave</strong> us a real freedom. Our society doesn’t have such <strong>strict foundations as there</strong> were hundred years ago. <em>It is so good that we have an opportunity to make a choice.</em> Lingerie wasn’t always so stylish and erotic. Actually the concept of lingerie being visually appealing was a development of the late 19th century. Nowadays the <strong>lingerie industry is one</strong> of most successful business spheres. The magic of the <em>lingerie is an</em> undoubted fact because it is a way of self expression and it gives a pleasure and satisfaction.</p><p>Our store has a great choice of wonderful lingerie and you’ll be amazed by its variety. Our vendors and manufactures guarantee the high quality of our goods. <strong>So you can buy goods of premium</strong> quality by a fair price. <strong>We cooperate with the great</strong> number of fashion houses and you can find many unique and original products here.</p>","<p><strong>We are so lucky living</strong> in such a wonderful time. Our almost <strong>unlimited abilities gave</strong> us a real freedom. Our society doesn’t have such <strong>strict foundations as there</strong> were hundred years ago. <em>It is so good that we have an opportunity to make a choice.</em> Lingerie wasn’t always so stylish and erotic. </p>","","","","","","","","","10000.0000","0.0000","1","0","0","1","1.0000","1","0.0000","1","1","","","1","0","1","0","1","0.0000","1","0","0","1","White or Yellow Gold Round 7-Stone Ring","0","simple","","","","","",""
"admin","base","Default","simple","10","Wedding Ring","0","Wedding Ring","","","/i/m/image01.jpg","/i/m/image01.jpg","/i/m/image01.jpg","wedding-ring","wedding-ring.html","","Product Info Column","","","","No","No layout updates","145.8800","","","0.1000","grey","Enabled","Catalog, Search","Taxable Goods","Yes","","No","<p><strong>We are so lucky living</strong> in such a wonderful time. Our almost <strong>unlimited abilities gave</strong> us a real freedom. Our society doesn’t have such <strong>strict foundations as there</strong> were hundred years ago. <em>It is so good that we have an opportunity to make a choice.</em> Lingerie wasn’t always so stylish and erotic. Actually the concept of lingerie being visually appealing was a development of the late 19th century. Nowadays the <strong>lingerie industry is one</strong> of most successful business spheres. The magic of the <em>lingerie is an</em> undoubted fact because it is a way of self expression and it gives a pleasure and satisfaction.</p><p>Our store has a great choice of wonderful lingerie and you’ll be amazed by its variety. Our vendors and manufactures guarantee the high quality of our goods. <strong>So you can buy goods of premium</strong> quality by a fair price. <strong>We cooperate with the great</strong> number of fashion houses and you can find many unique and original products here.</p>","<p><strong>We are so lucky living</strong> in such a wonderful time. Our almost <strong>unlimited abilities gave</strong> us a real freedom. Our society doesn’t have such <strong>strict foundations as there</strong> were hundred years ago. <em>It is so good that we have an opportunity to make a choice.</em> Lingerie wasn’t always so stylish and erotic. </p>","","","","","","","","","100000.0000","0.0000","1","0","0","1","1.0000","1","0.0000","1","1","","","1","0","1","0","1","0.0000","1","0","0","1","Wedding Ring","0","simple","","","","","",""
"admin","base","Default","simple","10","Stone Ring","0","Stone Ring","","","/i/m/image02.jpg","/i/m/image02.jpg","/i/m/image02.jpg","stone-ring","stone-ring.html","","Product Info Column","","","","No","No layout updates","250.9900","","","0.1200","grey","Enabled","Catalog, Search","Taxable Goods","Yes","","No","<p><strong>We are so lucky living</strong> in such a wonderful time. Our almost <strong>unlimited abilities gave</strong> us a real freedom. Our society doesn’t have such <strong>strict foundations as there</strong> were hundred years ago. <em>It is so good that we have an opportunity to make a choice.</em> Lingerie wasn’t always so stylish and erotic. Actually the concept of lingerie being visually appealing was a development of the late 19th century. Nowadays the <strong>lingerie industry is one</strong> of most successful business spheres. The magic of the <em>lingerie is an</em> undoubted fact because it is a way of self expression and it gives a pleasure and satisfaction.</p><p>Our store has a great choice of wonderful lingerie and you’ll be amazed by its variety. Our vendors and manufactures guarantee the high quality of our goods. <strong>So you can buy goods of premium</strong> quality by a fair price. <strong>We cooperate with the great</strong> number of fashion houses and you can find many unique and original products here.</p>","<p><strong>We are so lucky living</strong> in such a wonderful time. Our almost <strong>unlimited abilities gave</strong> us a real freedom. Our society doesn’t have such <strong>strict foundations as there</strong> were hundred years ago. <em>It is so good that we have an opportunity to make a choice.</em> Lingerie wasn’t always so stylish and erotic. </p>","","","","","","","","","100000.0000","0.0000","1","0","0","1","1.0000","1","0.0000","1","1","","","1","0","1","0","1","0.0000","1","0","0","1","Stone Ring","0","simple","","","","","",""
"admin","base","Default","simple","10","Stone Diamond","0","Stone Diamond","","","/i/m/image03.jpg","/i/m/image03.jpg","/i/m/image03.jpg","stone-diamond","stone-diamond.html","","Product Info Column","","","","No","No layout updates","287.9900","","","0.1200","grey","Enabled","Catalog, Search","Taxable Goods","Yes","","No","<p><strong>We are so lucky living</strong> in such a wonderful time. Our almost <strong>unlimited abilities gave</strong> us a real freedom. Our society doesn’t have such <strong>strict foundations as there</strong> were hundred years ago. <em>It is so good that we have an opportunity to make a choice.</em> Lingerie wasn’t always so stylish and erotic. Actually the concept of lingerie being visually appealing was a development of the late 19th century. Nowadays the <strong>lingerie industry is one</strong> of most successful business spheres. The magic of the <em>lingerie is an</em> undoubted fact because it is a way of self expression and it gives a pleasure and satisfaction.</p><p>Our store has a great choice of wonderful lingerie and you’ll be amazed by its variety. Our vendors and manufactures guarantee the high quality of our goods. <strong>So you can buy goods of premium</strong> quality by a fair price. <strong>We cooperate with the great</strong> number of fashion houses and you can find many unique and original products here.</p>","<p><strong>We are so lucky living</strong> in such a wonderful time. Our almost <strong>unlimited abilities gave</strong> us a real freedom. Our society doesn’t have such <strong>strict foundations as there</strong> were hundred years ago. <em>It is so good that we have an opportunity to make a choice.</em> Lingerie wasn’t always so stylish and erotic. </p>","","","","","","","","","100000.0000","0.0000","1","0","0","1","1.0000","1","0.0000","1","1","","","1","0","1","0","1","0.0000","1","0","0","1","Stone Diamond","0","simple","","","","","",""
"admin","base","Default","simple","10","Stone Round","0","Stone Round","","","/i/m/image04.jpg","/i/m/image04.jpg","/i/m/image04.jpg","stone-round","stone-round.html","","Product Info Column","","","","No","No layout updates","280.9900","","","0.1000","grey","Enabled","Catalog, Search","Taxable Goods","Yes","","No","<p><strong>We are so lucky living</strong> in such a wonderful time. Our almost <strong>unlimited abilities gave</strong> us a real freedom. Our society doesn’t have such <strong>strict foundations as there</strong> were hundred years ago. <em>It is so good that we have an opportunity to make a choice.</em> Lingerie wasn’t always so stylish and erotic. Actually the concept of lingerie being visually appealing was a development of the late 19th century. Nowadays the <strong>lingerie industry is one</strong> of most successful business spheres. The magic of the <em>lingerie is an</em> undoubted fact because it is a way of self expression and it gives a pleasure and satisfaction.</p><p>Our store has a great choice of wonderful lingerie and you’ll be amazed by its variety. Our vendors and manufactures guarantee the high quality of our goods. <strong>So you can buy goods of premium</strong> quality by a fair price. <strong>We cooperate with the great</strong> number of fashion houses and you can find many unique and original products here.</p>","<p><strong>We are so lucky living</strong> in such a wonderful time. Our almost <strong>unlimited abilities gave</strong> us a real freedom. Our society doesn’t have such <strong>strict foundations as there</strong> were hundred years ago. <em>It is so good that we have an opportunity to make a choice.</em> Lingerie wasn’t always so stylish and erotic. </p>","","","","","","","","","100000.0000","0.0000","1","0","0","1","1.0000","1","0.0000","1","1","","","1","0","1","0","1","0.0000","1","0","0","1","Stone Round","0","simple","","","","","",""
"admin","base","Default","simple","10","Diamond Wedding Ring","0","Diamond Wedding Ring","","","/i/m/image05.jpg","/i/m/image05.jpg","/i/m/image05.jpg","diamond-wedding-ring","diamond-wedding-ring.html","","Product Info Column","","","","No","No layout updates","402.3600","","","0.1000","grey","Enabled","Catalog, Search","Taxable Goods","Yes","","No","<p><strong>We are so lucky living</strong> in such a wonderful time. Our almost <strong>unlimited abilities gave</strong> us a real freedom. Our society doesn’t have such <strong>strict foundations as there</strong> were hundred years ago. <em>It is so good that we have an opportunity to make a choice.</em> Lingerie wasn’t always so stylish and erotic. Actually the concept of lingerie being visually appealing was a development of the late 19th century. Nowadays the <strong>lingerie industry is one</strong> of most successful business spheres. The magic of the <em>lingerie is an</em> undoubted fact because it is a way of self expression and it gives a pleasure and satisfaction.</p><p>Our store has a great choice of wonderful lingerie and you’ll be amazed by its variety. Our vendors and manufactures guarantee the high quality of our goods. <strong>So you can buy goods of premium</strong> quality by a fair price. <strong>We cooperate with the great</strong> number of fashion houses and you can find many unique and original products here.</p>","<p><strong>We are so lucky living</strong> in such a wonderful time. Our almost <strong>unlimited abilities gave</strong> us a real freedom. Our society doesn’t have such <strong>strict foundations as there</strong> were hundred years ago. <em>It is so good that we have an opportunity to make a choice.</em> Lingerie wasn’t always so stylish and erotic. </p>","","","","","","","","","100000.0000","0.0000","1","0","0","1","1.0000","1","0.0000","1","1","","","1","0","1","0","1","0.0000","1","0","0","1","Diamond Wedding Ring","0","simple","","","","","",""
